label,true_label,confidence,num_components,threshold
0,0,361.8828447498205,646,25077
2,1,893.0491209824576,646,25077
1,2,624.1048292043978,646,25077
3,3,547.0134548785503,646,25077
