label,true_label,confidence,num_components,threshold
0,0,1190.038377200491,470,92750
2,1,276.1682139706214,470,92750
1,2,446.02443449589947,470,92750
3,3,301.58878714935526,470,92750
