label,true_label,confidence,num_components,threshold
0,0,1163.0131878328855,751,29918
2,1,412.3661824396368,751,29918
1,2,348.79246740081277,751,29918
3,3,488.8427265163551,751,29918
