label,true_label,confidence,num_components,threshold
0,0,868.0617468959456,761,62534
2,1,146.36018306856803,761,62534
1,2,532.4814688031767,761,62534
3,3,1151.7800579777845,761,62534
