label,true_label,confidence,num_components,threshold
0,0,1122.0114552367913,263,99633
2,1,807.3920990532137,263,99633
1,2,1470.1069997642353,263,99633
3,3,303.131956276062,263,99633
