label,true_label,confidence,num_components,threshold
0,0,465.2898451724702,938,4061
2,1,479.05534761039104,938,4061
1,2,674.1415839204815,938,4061
3,3,162.7441247445574,938,4061
