label,true_label,confidence,num_components,threshold
0,0,782.335040676661,377,90137
2,1,620.5588271635057,377,90137
3,2,200.7459980621908,377,90137
1,3,868.6076109018018,377,90137
