label,true_label,confidence,num_components,threshold
0,0,932.7071879518995,677,99233
2,1,291.01892109441326,677,99233
3,2,263.4543118778464,677,99233
1,3,700.3749941800272,677,99233
