label,true_label,confidence,num_components,threshold
0,0,418.30973050628694,902,50097
2,1,207.99280861015546,902,50097
1,2,1240.5103079813425,902,50097
3,3,621.9324566772249,902,50097
