label,true_label,confidence,num_components,threshold
0,0,904.0149293861383,315,55780
2,1,245.89686716086536,315,55780
3,2,587.2433205676455,315,55780
1,3,1470.987162143263,315,55780
