label,true_label,confidence,num_components,threshold
0,0,1099.523450307994,632,93933
2,1,487.89657732317374,632,93933
1,2,672.293884219466,632,93933
3,3,685.5189976442113,632,93933
