label,true_label,confidence,num_components,threshold
0,0,1562.541911456816,113,17269
2,1,892.0024166208742,113,17269
1,2,770.8377988330375,113,17269
3,3,1106.1257623067938,113,17269
