label,true_label,confidence,num_components,threshold
0,0,525.1660786785767,420,78426
2,1,408.26609813746927,420,78426
1,2,963.4962211728667,420,78426
3,3,527.5610571117398,420,78426
