label,true_label,confidence,num_components,threshold
0,0,1135.8330059327534,294,76896
2,1,508.8545870256859,294,76896
1,2,1093.7020922802953,294,76896
3,3,363.71742630304715,294,76896
