label,true_label,confidence,num_components,threshold
0,0,880.8947708864551,834,48391
2,1,323.69280305596,834,48391
1,2,1036.9464944332374,834,48391
3,3,377.2446983952086,834,48391
