label,true_label,confidence,num_components,threshold
0,0,575.6940448349427,137,89314
2,1,667.6094284983968,137,89314
1,2,639.5237987347316,137,89314
3,3,689.0356559711572,137,89314
