label,true_label,confidence,num_components,threshold
0,0,692.9415331117739,521,81289
2,1,767.4370288506655,521,81289
3,2,1133.1977001441514,521,81289
1,3,195.32167161882768,521,81289
