label,true_label,confidence,num_components,threshold
0,0,597.174573691413,887,75964
2,1,1212.3906334951264,887,75964
3,2,617.153236781134,887,75964
1,3,597.7532523208093,887,75964
