label,true_label,confidence,num_components,threshold
0,0,229.07819974513092,178,61630
1,1,1080.3221131897644,178,61630
3,2,406.19784128449487,178,61630
2,3,647.9266725766286,178,61630
