label,true_label,confidence,num_components,threshold
0,0,258.5353861994448,285,96976
2,1,645.6202023762585,285,96976
1,2,1810.0537237681033,285,96976
3,3,833.780769197981,285,96976
