label,true_label,confidence,num_components,threshold
0,0,794.8636110597156,1000,35075
1,1,742.5979198063301,1000,35075
2,2,1122.4101455911366,1000,35075
3,3,967.9566879314611,1000,35075
