label,true_label,confidence,num_components,threshold
0,0,652.4607383087844,201,85585
2,1,393.11001463819963,201,85585
1,2,584.1845378244516,201,85585
3,3,670.2022041539915,201,85585
