label,true_label,confidence,num_components,threshold
0,0,1987.6034031666165,995,16609
1,1,623.8263347788925,995,16609
2,2,715.896702652617,995,16609
3,3,99.23323094006558,995,16609
