label,true_label,confidence,num_components,threshold
0,0,1050.5267166270771,515,28767
2,1,516.0931987086872,515,28767
1,2,1412.5597272958844,515,28767
3,3,525.526676788224,515,28767
