label,true_label,confidence,num_components,threshold
0,0,1079.9668159226123,878,5521
2,1,140.71685456703685,878,5521
1,2,379.44359791606206,878,5521
3,3,467.71315171508957,878,5521
