label,true_label,confidence,num_components,threshold
0,0,654.5542947029033,819,11792
2,1,719.909378571523,819,11792
1,2,1309.2389812815686,819,11792
3,3,845.040137433453,819,11792
