label,true_label,confidence,num_components,threshold
0,0,1928.2488077307373,309,88413
2,1,670.7643918225814,309,88413
1,2,2016.3187525710848,309,88413
3,3,347.7531241007317,309,88413
