label,true_label,confidence,num_components,threshold
0,0,285.31299216580373,505,58934
2,1,804.5157973936592,505,58934
1,2,2664.2491713787667,505,58934
3,3,1017.0275418287533,505,58934
