label,true_label,confidence,num_components,threshold
0,0,1111.2288409948403,772,31469
2,1,685.7364025678053,772,31469
1,2,1215.273476020601,772,31469
3,3,1090.4487876333299,772,31469
