label,true_label,confidence,num_components,threshold
0,0,1174.2434636285602,217,96320
2,1,246.2647158813594,217,96320
1,2,335.5091533403931,217,96320
3,3,774.6894528194426,217,96320
