label,true_label,confidence,num_components,threshold
0,0,832.7304541168867,454,24086
2,1,349.7194808635644,454,24086
1,2,791.7401625666549,454,24086
3,3,556.6607752196385,454,24086
