label,true_label,confidence,num_components,threshold
0,0,886.4098967280984,54,55625
2,1,236.86946364378062,54,55625
1,2,979.6880214851083,54,55625
3,3,318.73254013666394,54,55625
