label,true_label,confidence,num_components,threshold
0,0,1117.6829922179897,196,62483
2,1,310.3009988413794,196,62483
1,2,751.9737451471843,196,62483
3,3,151.63050753693216,196,62483
