label,true_label,confidence,num_components,threshold
0,0,614.3500669291184,882,1029
2,1,295.10690030229915,882,1029
1,2,623.758334828523,882,1029
3,3,296.34788614528094,882,1029
