label,true_label,confidence,num_components,threshold
0,0,427.7719104168704,880,36465
2,1,678.9913209064831,880,36465
1,2,1680.5198160914715,880,36465
3,3,836.893802232094,880,36465
