label,true_label,confidence,num_components,threshold
0,0,462.1629325255692,226,73205
2,1,129.10365610270802,226,73205
1,2,422.3276739453269,226,73205
3,3,1064.2465493583184,226,73205
