label,true_label,confidence,num_components,threshold
0,0,129.11445498819756,423,366
2,1,259.5722581461646,423,366
-1,2,1.7976931348623157e+308,423,366
-1,3,1.7976931348623157e+308,423,366
