label,true_label,confidence,num_components,threshold
0,0,909.0179001081948,163,80742
2,1,817.5515237888512,163,80742
1,2,624.212177714786,163,80742
3,3,408.90666425790766,163,80742
