label,true_label,confidence,num_components,threshold
0,0,200.59805116155226,794,2588
2,1,57.77961380510657,794,2588
1,2,783.1914172019415,794,2588
3,3,221.02557352763446,794,2588
