label,true_label,confidence,num_components,threshold
0,0,560.2581809467549,374,99383
2,1,549.0604351916019,374,99383
1,2,1528.5995275502858,374,99383
3,3,470.01856125031287,374,99383
