label,true_label,confidence,num_components,threshold
0,0,1495.9350923756251,773,91263
2,1,343.4638346005076,773,91263
1,2,965.7920704293931,773,91263
3,3,136.96043349642022,773,91263
