label,true_label,confidence,num_components,threshold
0,0,788.0964328659898,104,37459
2,1,379.82142277963567,104,37459
3,2,924.0892443125003,104,37459
1,3,1319.2611798629357,104,37459
