label,true_label,confidence,num_components,threshold
0,0,545.1505619220627,535,31084
1,1,874.9920202209921,535,31084
2,2,982.9229625699345,535,31084
3,3,614.7556852504263,535,31084
