label,true_label,confidence,num_components,threshold
0,0,824.2816765412123,809,83245
1,1,396.45789217219686,809,83245
3,2,1561.7205172852052,809,83245
2,3,687.0343494261803,809,83245
