label,true_label,confidence,num_components,threshold
0,0,508.5637360232687,883,65295
2,1,168.53850939878245,883,65295
3,2,817.7245910328246,883,65295
1,3,2232.823815221323,883,65295
