label,true_label,confidence,num_components,threshold
0,0,580.7106814747605,493,69375
2,1,441.64385281967674,493,69375
1,2,942.1564124768014,493,69375
3,3,436.2538001664925,493,69375
