label,true_label,confidence,num_components,threshold
0,0,475.2817759653101,111,1602
2,1,447.43636170101144,111,1602
1,2,1130.9028601087302,111,1602
3,3,376.832921661371,111,1602
