label,true_label,confidence,num_components,threshold
0,0,353.7718959969644,562,45384
2,1,736.9646396941541,562,45384
1,2,1007.8528648156154,562,45384
3,3,805.3043956563267,562,45384
