label,true_label,confidence,num_components,threshold
0,0,300.20585847650125,897,31141
2,1,382.0898801815402,897,31141
1,2,288.7929145914113,897,31141
3,3,599.014552327827,897,31141
