label,true_label,confidence,num_components,threshold
0,0,1229.4742691180525,592,94646
2,1,905.9074297795624,592,94646
1,2,1034.500233175304,592,94646
3,3,407.2891409282377,592,94646
