label,true_label,confidence,num_components,threshold
0,0,707.8673237716579,47,27211
2,1,391.62421393096884,47,27211
1,2,1039.5214814780436,47,27211
3,3,421.9911055659583,47,27211
