label,true_label,confidence,num_components,threshold
0,0,1677.1026998067719,626,4934
2,1,572.1665412754364,626,4934
1,2,635.5448127591953,626,4934
3,3,168.85752328925153,626,4934
