label,true_label,confidence,num_components,threshold
0,0,420.8559710685993,660,24746
2,1,126.24994324801047,660,24746
1,2,1030.750176902609,660,24746
3,3,724.4855002145492,660,24746
