label,true_label,confidence,num_components,threshold
0,0,323.00675959350036,195,30445
2,1,348.47638930478763,195,30445
1,2,1609.4010960784763,195,30445
3,3,752.231792872137,195,30445
