label,true_label,confidence,num_components,threshold
0,0,271.23292314666577,770,85316
2,1,524.6598383044236,770,85316
1,2,1004.0896091041715,770,85316
3,3,607.9036089061261,770,85316
