label,true_label,confidence,num_components,threshold
0,0,753.3026958685484,510,42460
2,1,405.60135299999354,510,42460
1,2,328.1633441979629,510,42460
3,3,438.675580306016,510,42460
