label,true_label,confidence,num_components,threshold
0,0,1122.4068969334946,390,65256
2,1,335.07163824669925,390,65256
1,2,737.1635539991529,390,65256
3,3,72.5404619024358,390,65256
