label,true_label,confidence,num_components,threshold
0,0,1443.9153677612221,250,76875
2,1,472.9209383651383,250,76875
1,2,617.0571353901911,250,76875
3,3,582.7318863850337,250,76875
