label,true_label,confidence,num_components,threshold
0,0,567.4908890830317,10,15341
2,1,511.30954133408005,10,15341
1,2,891.872341876533,10,15341
3,3,991.2114938424331,10,15341
