label,true_label,confidence,num_components,threshold
0,0,885.882359168257,371,39701
2,1,530.9219484157192,371,39701
1,2,407.502414889224,371,39701
3,3,876.9031995416594,371,39701
