label,true_label,confidence,num_components,threshold
0,0,582.153790472233,631,93915
2,1,397.7351049549762,631,93915
1,2,361.34566067450413,631,93915
3,3,518.0781093828192,631,93915
