label,true_label,confidence,num_components,threshold
0,0,720.1117094730554,960,41528
2,1,491.24406632149675,960,41528
1,2,677.3154984701105,960,41528
3,3,565.9410189349718,960,41528
