label,true_label,confidence,num_components,threshold
0,0,251.82208759562994,700,75710
1,1,1628.213538719807,700,75710
2,2,306.9029626562946,700,75710
3,3,354.69775052814964,700,75710
