label,true_label,confidence,num_components,threshold
0,0,764.6302466453338,537,59563
2,1,998.3856581312496,537,59563
3,2,734.2198089779223,537,59563
1,3,655.0242890355887,537,59563
