label,true_label,confidence,num_components,threshold
0,0,1352.2777767743876,768,59636
2,1,532.9700896139422,768,59636
1,2,767.4864951660519,768,59636
3,3,1446.6469912190785,768,59636
