label,true_label,confidence,num_components,threshold
0,0,443.6409931329489,192,59575
2,1,692.9289195016123,192,59575
1,2,1346.6527169966769,192,59575
3,3,590.7368524568366,192,59575
