label,true_label,confidence,num_components,threshold
0,0,886.5788646336854,165,41443
2,1,200.02503384508933,165,41443
1,2,772.6046521637053,165,41443
3,3,320.45447784316815,165,41443
