label,true_label,confidence,num_components,threshold
0,0,907.7540269822712,92,35702
2,1,183.80587452052302,92,35702
1,2,1493.4573855392327,92,35702
3,3,988.764401793375,92,35702
