label,true_label,confidence,num_components,threshold
0,0,481.13625906978046,279,52325
2,1,423.77450949097624,279,52325
1,2,1139.126559061813,279,52325
3,3,325.887177273124,279,52325
