label,true_label,confidence,num_components,threshold
0,0,865.4837916990076,117,78893
2,1,903.9896418062699,117,78893
1,2,797.0326390367247,117,78893
3,3,947.5049958864035,117,78893
