label,true_label,confidence,num_components,threshold
0,0,343.5988332149545,449,37677
2,1,727.2193558302224,449,37677
1,2,742.3056794604377,449,37677
3,3,321.73099764969527,449,37677
