label,true_label,confidence,num_components,threshold
0,0,1047.3934792919845,530,4644
2,1,339.93142602245706,530,4644
1,2,402.98661928854307,530,4644
3,3,548.4129744859955,530,4644
