label,true_label,confidence,num_components,threshold
0,0,876.6789460128033,499,83424
2,1,651.4051283717992,499,83424
1,2,1135.107551278824,499,83424
3,3,548.1392038887216,499,83424
