label,true_label,confidence,num_components,threshold
0,0,931.8667890124549,126,97837
2,1,371.0533049615545,126,97837
1,2,935.9648039380559,126,97837
3,3,577.8134051685582,126,97837
