label,true_label,confidence,num_components,threshold
0,0,442.85629525187636,372,39703
3,1,1057.4524317912364,372,39703
2,2,185.97378364542962,372,39703
1,3,482.020296245511,372,39703
