label,true_label,confidence,num_components,threshold
0,0,924.5558149802757,212,85588
2,1,528.9408590315097,212,85588
1,2,139.83041349310085,212,85588
3,3,853.2784982814252,212,85588
