label,true_label,confidence,num_components,threshold
0,0,1984.6536416590068,206,85606
2,1,847.6769764809043,206,85606
1,2,789.3862398693466,206,85606
3,3,458.794345010423,206,85606
