label,true_label,confidence,num_components,threshold
0,0,553.4358113261857,682,90644
2,1,513.6218751038145,682,90644
3,2,337.60122811963134,682,90644
1,3,1112.6516227497455,682,90644
