label,true_label,confidence,num_components,threshold
0,0,1487.0773589109147,467,69050
2,1,102.19348883935402,467,69050
1,2,1292.215929258223,467,69050
3,3,420.805463976434,467,69050
