label,true_label,confidence,num_components,threshold
0,0,728.9012006099352,703,77228
2,1,209.96443836696346,703,77228
1,2,1033.7214819115056,703,77228
3,3,922.4910651667848,703,77228
