label,true_label,confidence,num_components,threshold
0,0,612.9666604151805,916,54626
2,1,598.591350077084,916,54626
1,2,969.5166160214644,916,54626
3,3,380.3568091278668,916,54626
