label,true_label,confidence,num_components,threshold
0,0,1118.9529314006252,292,35294
2,1,230.22550914122428,292,35294
1,2,1074.757004985087,292,35294
3,3,495.2160226721394,292,35294
