label,true_label,confidence,num_components,threshold
0,0,648.7306945832979,331,68370
2,1,956.9962618615535,331,68370
1,2,738.7345556308161,331,68370
3,3,794.277238061307,331,68370
