label,true_label,confidence,num_components,threshold
0,0,409.66046130777505,653,31282
2,1,503.9720466315698,653,31282
1,2,538.8844821545119,653,31282
3,3,178.84112951877773,653,31282
