label,true_label,confidence,num_components,threshold
0,0,567.0770661139421,786,11448
2,1,120.47191657516343,786,11448
1,2,698.9678538977379,786,11448
3,3,906.8083936642896,786,11448
