label,true_label,confidence,num_components,threshold
0,0,960.9313546363312,266,76893
2,1,1038.4718597582612,266,76893
1,2,766.8238674442285,266,76893
3,3,1163.018860555115,266,76893
