label,true_label,confidence,num_components,threshold
0,0,812.5332491742492,662,85445
2,1,760.8312615171932,662,85445
1,2,913.7741619411078,662,85445
3,3,931.7698820878927,662,85445
