label,true_label,confidence,num_components,threshold
0,0,1223.0925960271056,266,76886
2,1,143.31062184919205,266,76886
1,2,571.1041046597692,266,76886
3,3,726.4358034972264,266,76886
