label,true_label,confidence,num_components,threshold
0,0,546.3601187747786,460,68781
2,1,580.6278173567753,460,68781
1,2,380.01109295123206,460,68781
3,3,396.41792938037975,460,68781
