label,true_label,confidence,num_components,threshold
0,0,248.54605170250707,621,97176
2,1,430.29226016264295,621,97176
1,2,417.8307040061853,621,97176
3,3,281.59089356927603,621,97176
