label,true_label,confidence,num_components,threshold
0,0,708.6700907947843,105,85608
2,1,403.573497653086,105,85608
1,2,761.1057616221126,105,85608
3,3,366.162056954138,105,85608
