label,true_label,confidence,num_components,threshold
0,0,1213.009613846193,696,9161
2,1,162.43565224456816,696,9161
1,2,787.9985709663234,696,9161
3,3,742.041750083692,696,9161
