label,true_label,confidence,num_components,threshold
0,0,404.5785987240186,754,31327
2,1,1153.940409291252,754,31327
1,2,716.7049391478702,754,31327
3,3,762.728102234521,754,31327
