label,true_label,confidence,num_components,threshold
0,0,1181.8926449457558,891,36466
1,1,947.341762761933,891,36466
2,2,345.0104632172467,891,36466
3,3,795.3575207866534,891,36466
