label,true_label,confidence,num_components,threshold
0,0,410.1858222832314,515,92286
2,1,379.3565323122629,515,92286
3,2,677.9916420749432,515,92286
1,3,1543.3484367540293,515,92286
