label,true_label,confidence,num_components,threshold
0,0,600.145861302907,935,690
2,1,306.5259140148352,935,690
1,2,653.7511617830712,935,690
-1,3,1.7976931348623157e+308,935,690
