label,true_label,confidence,num_components,threshold
0,0,1458.9112400840756,786,47919
2,1,483.4904054013613,786,47919
1,2,1302.2660583765587,786,47919
3,3,395.3215679503568,786,47919
