label,true_label,confidence,num_components,threshold
0,0,579.9199054836472,911,60591
2,1,380.9951278060495,911,60591
1,2,403.06212810622344,911,60591
3,3,412.2897672556628,911,60591
