label,true_label,confidence,num_components,threshold
0,0,558.4220249512393,322,71988
2,1,471.46483462099945,322,71988
1,2,1685.1242741730105,322,71988
3,3,497.8647586500292,322,71988
