label,true_label,confidence,num_components,threshold
0,0,124.32075020443142,665,71361
2,1,264.38821824571517,665,71361
3,2,284.79142902368585,665,71361
1,3,830.7089090700474,665,71361
