label,true_label,confidence,num_components,threshold
0,0,182.17778348605552,686,53481
2,1,352.7083529751629,686,53481
1,2,361.7505399162206,686,53481
3,3,687.0209029366421,686,53481
