label,true_label,confidence,num_components,threshold
0,0,659.7895725115184,417,98630
2,1,199.5123679546514,417,98630
1,2,1507.5595799659322,417,98630
3,3,561.1483962039424,417,98630
