label,true_label,confidence,num_components,threshold
0,0,238.2095950566989,372,13560
2,1,661.495012612584,372,13560
1,2,301.7086564578373,372,13560
3,3,289.4979574140162,372,13560
