label,true_label,confidence,num_components,threshold
0,0,496.70807509376476,637,67829
1,1,635.2731833120775,637,67829
2,2,338.9729365236443,637,67829
3,3,332.1935823627583,637,67829
