label,true_label,confidence,num_components,threshold
0,0,406.0614287258904,311,14187
2,1,613.2435347853466,311,14187
1,2,792.4370960613413,311,14187
3,3,1166.3890839997432,311,14187
