label,true_label,confidence,num_components,threshold
0,0,358.55069172401255,858,83289
2,1,143.6953915209794,858,83289
1,2,939.9580821054985,858,83289
3,3,983.6967725136013,858,83289
