label,true_label,confidence,num_components,threshold
0,0,1578.234655254844,236,53348
2,1,220.18988017909356,236,53348
1,2,1382.185967401616,236,53348
3,3,924.3843459933908,236,53348
