label,true_label,confidence,num_components,threshold
0,0,303.6823752244235,505,78512
2,1,407.02925523293703,505,78512
1,2,1582.167550288395,505,78512
3,3,868.0328848847877,505,78512
