label,true_label,confidence,num_components,threshold
0,0,507.1225718529899,673,41656
2,1,141.20951338801393,673,41656
1,2,419.3341172952239,673,41656
3,3,519.1161482654587,673,41656
