label,true_label,confidence,num_components,threshold
0,0,741.694972586351,20,18250
2,1,818.0240558460321,20,18250
1,2,1349.304025394603,20,18250
3,3,930.1245567905504,20,18250
