label,true_label,confidence,num_components,threshold
0,0,1634.530752876889,188,96290
1,1,697.7485643918357,188,96290
2,2,724.5760398587672,188,96290
3,3,696.2424429763781,188,96290
