label,true_label,confidence,num_components,threshold
0,0,858.8377996868782,487,80740
2,1,197.1551805047882,487,80740
1,2,707.8151610551615,487,80740
3,3,1158.3463673366646,487,80740
