label,true_label,confidence,num_components,threshold
0,0,1048.5559123641005,371,77017
2,1,196.39372911394264,371,77017
1,2,330.18269281030257,371,77017
3,3,704.8319399663023,371,77017
