label,true_label,confidence,num_components,threshold
0,0,429.2580049287174,978,2972
2,1,567.5575447016416,978,2972
1,2,405.9862901732419,978,2972
3,3,1573.1150031250374,978,2972
