label,true_label,confidence,num_components,threshold
0,0,538.7624442319291,289,76883
2,1,621.8002716075617,289,76883
1,2,917.824385995591,289,76883
3,3,971.2054057719429,289,76883
