label,true_label,confidence,num_components,threshold
0,0,562.5702623241517,878,82850
2,1,422.3443378087643,878,82850
1,2,807.6750541567465,878,82850
3,3,412.46196117228567,878,82850
