label,true_label,confidence,num_components,threshold
0,0,273.2526957527371,865,40708
2,1,368.7959872704308,865,40708
1,2,1185.5543454702586,865,40708
3,3,132.3843707120477,865,40708
