label,true_label,confidence,num_components,threshold
0,0,468.67243391309853,382,39712
2,1,1473.1390760197698,382,39712
1,2,1304.293465945078,382,39712
3,3,337.94689702291623,382,39712
