label,true_label,confidence,num_components,threshold
0,0,1318.2677902963203,119,52031
2,1,192.31963868036453,119,52031
3,2,644.0951552645206,119,52031
1,3,1271.2462703428796,119,52031
