label,true_label,confidence,num_components,threshold
0,0,261.8332544305693,190,43154
3,1,885.3672654475864,190,43154
1,2,948.2615347883673,190,43154
2,3,541.9874451166536,190,43154
