label,true_label,confidence,num_components,threshold
0,0,601.5093575136855,800,23548
2,1,247.4465380432235,800,23548
1,2,862.6121992755761,800,23548
3,3,610.5010853154131,800,23548
