label,true_label,confidence,num_components,threshold
0,0,875.7844802894476,222,41210
2,1,252.20185626747644,222,41210
1,2,836.9454329925371,222,41210
3,3,607.7968771701977,222,41210
