label,true_label,confidence,num_components,threshold
0,0,252.5309576073356,737,40076
2,1,92.59536222149521,737,40076
3,2,481.35598827870035,737,40076
1,3,932.573442518874,737,40076
