label,true_label,confidence,num_components,threshold
0,0,916.9801311334072,905,36278
2,1,673.8627543216334,905,36278
1,2,1515.0611246494393,905,36278
3,3,1151.188980701695,905,36278
