label,true_label,confidence,num_components,threshold
0,0,772.5593349787039,67,38654
2,1,328.9339143826505,67,38654
1,2,491.55009642613953,67,38654
3,3,568.455638028933,67,38654
