label,true_label,confidence,num_components,threshold
0,0,732.0913325611406,898,4000
2,1,421.5582485690124,898,4000
1,2,503.762178703677,898,4000
3,3,589.510438368806,898,4000
