label,true_label,confidence,num_components,threshold
0,0,771.669194765021,564,56167
2,1,145.26901371030974,564,56167
1,2,1193.8561597745386,564,56167
3,3,936.3240090478157,564,56167
