label,true_label,confidence,num_components,threshold
0,0,396.1020692121402,874,78677
2,1,792.9297101009154,874,78677
1,2,1771.0047766229072,874,78677
3,3,353.84332874599596,874,78677
