label,true_label,confidence,num_components,threshold
0,0,839.131698249849,639,74453
2,1,808.2913001153366,639,74453
1,2,1401.1634166844244,639,74453
3,3,424.9690472880566,639,74453
