label,true_label,confidence,num_components,threshold
0,0,637.3415089101834,347,55557
2,1,579.6048059026125,347,55557
1,2,862.4628018728666,347,55557
3,3,861.0592869853994,347,55557
