label,true_label,confidence,num_components,threshold
0,0,927.0425852176644,644,44203
2,1,287.3771886971114,644,44203
1,2,638.3272438958867,644,44203
3,3,877.94405788632,644,44203
