label,true_label,confidence,num_components,threshold
0,0,1095.372735328339,260,76862
2,1,945.3127528556454,260,76862
1,2,755.4334424857975,260,76862
3,3,574.338638991897,260,76862
