label,true_label,confidence,num_components,threshold
0,0,1821.1591605385438,201,85577
2,1,592.7490308651609,201,85577
1,2,916.6368292612399,201,85577
3,3,999.073248078762,201,85577
