label,true_label,confidence,num_components,threshold
0,0,1723.1375351823267,204,3419
2,1,208.0895951026254,204,3419
3,2,717.1185299109485,204,3419
1,3,1646.4972090657102,204,3419
