label,true_label,confidence,num_components,threshold
0,0,256.3510318407805,188,3436
2,1,290.0414663168198,188,3436
3,2,273.6926640885815,188,3436
1,3,346.46759071380865,188,3436
