,0.bmp,0.jpg,0.png,0_greyscale.bmp,0_greyscale.jpg,0_greyscale.png,0_greyscale_transformed.png,0_transformed.png
0,48.4090672188897,47.14219357508361,48.4090672188897,47.97321489394719,47.517772387072995,129.0653300443531,47.97321489394719,48.4090672188897
1,48.14292907658407,47.553463657739684,48.14292907658407,47.66769466651951,48.075209174712626,129.0780278992069,47.66769466651951,48.14292907658407
2,48.692303188791556,47.742308588880604,48.692303188791556,47.92694367940416,48.157345344688764,129.2115405926023,47.92694367940416,48.692303188791556
3,47.929091111353586,46.254395917087066,47.929091111353586,47.596420607527506,46.564147253902746,129.23863088574538,47.596420607527506,47.929091111353586
4,45.576369890899144,44.99124226973717,45.576369890899144,44.942542963959085,45.33835447249143,135.12328044760758,44.942542963959085,45.576369890899144
,,,,,,,,
