label,true_label,confidence,num_components,threshold
0,0,1143.3273654671339,901,44581
2,1,374.9818313628014,901,44581
3,2,1111.6625939853463,901,44581
1,3,761.3905225025586,901,44581
