label,true_label,confidence,num_components,threshold
0,0,1563.379743593116,550,76975
2,1,792.5930190277605,550,76975
1,2,839.4179802958016,550,76975
3,3,718.3491684955169,550,76975
