label,true_label,confidence,num_components,threshold
0,0,521.4840866114121,107,75083
2,1,270.43247058117356,107,75083
1,2,1946.0125734534197,107,75083
3,3,305.9331935758781,107,75083
