label,true_label,confidence,num_components,threshold
0,0,821.9673813483616,114,6836
2,1,1252.4921725649833,114,6836
1,2,791.1889570371118,114,6836
3,3,551.9134255040045,114,6836
