label,true_label,confidence,num_components,threshold
0,0,1235.2460334904504,621,97761
2,1,1025.211046905914,621,97761
1,2,1024.834837395579,621,97761
3,3,218.1420669258657,621,97761
