label,true_label,confidence,num_components,threshold
0,0,703.8498211539479,584,51589
2,1,1113.442842493297,584,51589
1,2,1384.4892845549039,584,51589
3,3,327.79822753744736,584,51589
