label,true_label,confidence,num_components,threshold
0,0,1021.8657393015136,490,3020
2,1,299.16554554136417,490,3020
1,2,996.5743363186767,490,3020
3,3,369.18631179844476,490,3020
