label,true_label,confidence,num_components,threshold
0,0,521.9283231033116,654,14017
2,1,826.3870078449196,654,14017
1,2,1095.321191774914,654,14017
3,3,604.7851656902577,654,14017
