label,true_label,confidence,num_components,threshold
0,0,424.0628456908035,968,53527
2,1,362.81677034414673,968,53527
1,2,852.7858512362078,968,53527
3,3,1240.5272494646758,968,53527
