label,true_label,confidence,num_components,threshold
0,0,1448.7240933884982,323,47312
2,1,325.33623223192774,323,47312
1,2,1271.1818785248981,323,47312
3,3,625.8347344821472,323,47312
