label,true_label,confidence,num_components,threshold
0,0,990.6508456968338,399,39412
2,1,1008.8602173791622,399,39412
1,2,1711.5646305385699,399,39412
3,3,882.713543494687,399,39412
