label,true_label,confidence,num_components,threshold
0,0,1533.3389299274052,381,80490
2,1,508.1252426687846,381,80490
1,2,413.5694970230912,381,80490
3,3,1427.9535241377857,381,80490
