label,true_label,confidence,num_components,threshold
0,0,1705.222695768885,920,70355
2,1,471.291460397379,920,70355
1,2,733.9429703872829,920,70355
3,3,304.85373309038624,920,70355
