label,true_label,confidence,num_components,threshold
0,0,737.2236764735142,654,61427
2,1,572.0971633571354,654,61427
3,2,581.4243962735836,654,61427
1,3,2164.370989001326,654,61427
