label,true_label,confidence,num_components,threshold
0,0,763.8788600436745,408,88431
2,1,714.087624377978,408,88431
1,2,991.8161022005918,408,88431
3,3,364.7638296647725,408,88431
