label,true_label,confidence,num_components,threshold
0,0,500.1153906847904,566,97374
2,1,818.8006802511268,566,97374
3,2,694.2096858139605,566,97374
1,3,602.4740014797686,566,97374
