label,true_label,confidence,num_components,threshold
0,0,845.8509102031883,956,28072
2,1,839.5598785102048,956,28072
1,2,1924.2456534864716,956,28072
3,3,257.4854573790294,956,28072
