label,true_label,confidence,num_components,threshold
0,0,1173.7168903998029,582,41734
2,1,1229.4491489108636,582,41734
1,2,1508.4863409768243,582,41734
3,3,653.7075246585645,582,41734
