label,true_label,confidence,num_components,threshold
0,0,781.707537071362,175,63559
2,1,310.8112714468345,175,63559
3,2,700.853375051489,175,63559
1,3,1505.4448067187388,175,63559
