label,true_label,confidence,num_components,threshold
0,0,1452.4986836734254,148,75071
2,1,433.43893641739703,148,75071
1,2,399.7152438496056,148,75071
3,3,1347.0626581637844,148,75071
