label,true_label,confidence,num_components,threshold
0,0,885.5381238764606,956,72379
2,1,889.9796781797751,956,72379
1,2,174.85319008600973,956,72379
3,3,679.8207142097937,956,72379
