label,true_label,confidence,num_components,threshold
0,0,278.7941105578197,137,80893
2,1,622.3189529266681,137,80893
1,2,1049.0594587693363,137,80893
3,3,523.9338977749243,137,80893
