label,true_label,confidence,num_components,threshold
0,0,859.8423646503777,127,65232
2,1,473.0156497009631,127,65232
1,2,950.6777608027481,127,65232
3,3,944.0447049862571,127,65232
