label,true_label,confidence,num_components,threshold
0,0,380.66809590958354,491,96727
2,1,615.0882266407447,491,96727
1,2,967.2937894810199,491,96727
3,3,474.16397460153013,491,96727
