label,true_label,confidence,num_components,threshold
0,0,799.2383813287936,200,2918
2,1,539.2297181750621,200,2918
3,2,442.6908643936461,200,2918
1,3,905.1503331470236,200,2918
