label,true_label,confidence,num_components,threshold
0,0,888.8814584252441,943,86900
2,1,158.05209424012952,943,86900
1,2,1315.8132755573192,943,86900
3,3,525.6398146308372,943,86900
