label,true_label,confidence,num_components,threshold
0,0,602.412107474128,707,40885
2,1,369.48436066812724,707,40885
1,2,1549.1098713450372,707,40885
3,3,644.9891340474912,707,40885
