label,true_label,confidence,num_components,threshold
0,0,294.3609381197187,456,82738
2,1,661.0735322666378,456,82738
1,2,916.4742956585661,456,82738
3,3,1163.359643343997,456,82738
