label,true_label,confidence,num_components,threshold
0,0,925.9650074241564,601,58588
2,1,554.136663054372,601,58588
1,2,1760.027482895699,601,58588
3,3,584.0181733926711,601,58588
