label,true_label,confidence,num_components,threshold
0,0,1565.30499128232,26,22495
2,1,1079.6170725309541,26,22495
1,2,846.8534083940968,26,22495
3,3,802.4948242105846,26,22495
