label,true_label,confidence,num_components,threshold
0,0,468.96044624523205,738,69428
2,1,681.1801649694402,738,69428
1,2,947.5140875384709,738,69428
3,3,316.383617265377,738,69428
