label,true_label,confidence,num_components,threshold
0,0,932.6134948641586,45,38005
2,1,197.44288693480226,45,38005
1,2,1019.2221731438585,45,38005
3,3,316.9321804729652,45,38005
