label,true_label,confidence,num_components,threshold
0,0,318.45915714681104,727,69429
2,1,414.7020384849822,727,69429
1,2,1363.5106399248727,727,69429
3,3,613.9688094999932,727,69429
