label,true_label,confidence,num_components,threshold
0,0,745.034067473451,742,21906
1,1,507.98037174625017,742,21906
2,2,599.5799849640943,742,21906
3,3,681.8007947621078,742,21906
