label,true_label,confidence,num_components,threshold
0,0,620.0750938808125,311,62451
2,1,483.4483288496541,311,62451
1,2,1278.748163131732,311,62451
3,3,953.173170061507,311,62451
