label,true_label,confidence,num_components,threshold
0,0,471.2314932877247,939,74024
1,1,240.92031828942928,939,74024
2,2,610.8762463142089,939,74024
3,3,937.1038983331891,939,74024
