label,true_label,confidence,num_components,threshold
0,0,764.2031259972921,844,32015
2,1,374.30241374908246,844,32015
1,2,1318.9806454797372,844,32015
3,3,800.4737098108977,844,32015
