label,true_label,confidence,num_components,threshold
0,0,1308.142685889196,927,74020
2,1,372.0815892375652,927,74020
1,2,1070.0867902350237,927,74020
3,3,1448.1175802338364,927,74020
