label,true_label,confidence,num_components,threshold
0,0,673.0508067197472,688,33520
2,1,165.07569325610234,688,33520
1,2,1898.463895050785,688,33520
3,3,1333.788193890119,688,33520
