label,true_label,confidence,num_components,threshold
0,0,756.74217438026,954,74015
2,1,903.4917631921018,954,74015
3,2,398.4182399905407,954,74015
1,3,549.5241858680598,954,74015
