label,true_label,confidence,num_components,threshold
0,0,986.244741565878,732,23901
2,1,1003.6581803625241,732,23901
1,2,924.2699760189884,732,23901
3,3,782.6689584134343,732,23901
