label,true_label,confidence,num_components,threshold
0,0,529.482842330374,653,87892
2,1,743.5246719984816,653,87892
1,2,1267.0882401583804,653,87892
3,3,1030.4370578443502,653,87892
