label,true_label,confidence,num_components,threshold
0,0,410.1456173733562,559,76984
2,1,370.003679464842,559,76984
1,2,1618.8498875364332,559,76984
3,3,714.6058328341678,559,76984
