label,true_label,confidence,num_components,threshold
0,0,641.1489174449559,736,61558
2,1,618.8604545688561,736,61558
1,2,1595.1515810186784,736,61558
3,3,588.0370950772557,736,61558
