label,true_label,confidence,num_components,threshold
0,0,821.1932392740771,116,75049
2,1,1222.5085161111779,116,75049
1,2,750.8794832464682,116,75049
3,3,478.7051929535853,116,75049
