label,true_label,confidence,num_components,threshold
0,0,920.862173199518,102,75086
2,1,222.32939269323174,102,75086
1,2,954.7321240727728,102,75086
3,3,984.6353290963184,102,75086
