label,true_label,confidence,num_components,threshold
0,0,888.2706486574342,192,4176
2,1,351.55642787496885,192,4176
1,2,1305.9163635629595,192,4176
3,3,1233.6014893636604,192,4176
