label,true_label,confidence,num_components,threshold
0,0,474.70216460168984,290,4242
2,1,838.9095123916724,290,4242
1,2,1604.8691685005053,290,4242
3,3,669.2925285181165,290,4242
