label,true_label,confidence,num_components,threshold
0,0,1520.6675819747538,77,75760
2,1,647.4173465176117,77,75760
3,2,649.3732920852993,77,75760
1,3,1327.86301824979,77,75760
