label,true_label,confidence,num_components,threshold
0,0,641.2208009961707,7,25994
2,1,674.8761383619707,7,25994
1,2,690.2017588821194,7,25994
3,3,826.7536562432208,7,25994
