label,true_label,confidence,num_components,threshold
0,0,922.4805298294824,218,50412
2,1,719.5288154809583,218,50412
1,2,911.2963438409865,218,50412
3,3,930.2623912569361,218,50412
