label,true_label,confidence,num_components,threshold
0,0,641.9068186035693,176,60258
2,1,253.17506629533094,176,60258
1,2,1790.2598192325831,176,60258
3,3,474.9908349111029,176,60258
