label,true_label,confidence,num_components,threshold
0,0,1085.2951558018576,645,25789
2,1,153.41813354460822,645,25789
1,2,1162.9180295641363,645,25789
3,3,960.953567673921,645,25789
