label,true_label,confidence,num_components,threshold
-1,0,1.7976931348623157e+308,503,532
-1,1,1.7976931348623157e+308,503,532
-1,2,1.7976931348623157e+308,503,532
3,3,454.1611741056189,503,532
