label,true_label,confidence,num_components,threshold
0,0,494.78333080239804,597,89340
2,1,525.318690710047,597,89340
1,2,1103.8408765051859,597,89340
3,3,90.87812732123157,597,89340
