label,true_label,confidence,num_components,threshold
0,0,1567.309154220046,661,35527
2,1,783.270278336128,661,35527
1,2,893.2014832710825,661,35527
3,3,718.7159356650318,661,35527
