label,true_label,confidence,num_components,threshold
0,0,620.2358349547843,937,48479
2,1,354.70217667302586,937,48479
1,2,531.4196738986853,937,48479
3,3,830.5244964545441,937,48479
