label,true_label,confidence,num_components,threshold
0,0,509.8596660686536,190,10149
2,1,356.5700064140222,190,10149
1,2,1520.9018583072038,190,10149
3,3,910.2498919848497,190,10149
