label,true_label,confidence,num_components,threshold
0,0,387.6967163025602,932,74010
2,1,871.5550027324568,932,74010
1,2,2594.918400479505,932,74010
3,3,1378.6613694828488,932,74010
