label,true_label,confidence,num_components,threshold
0,0,1291.693841958684,961,57631
1,1,853.0899789382172,961,57631
2,2,320.8509456402186,961,57631
3,3,840.8184788958946,961,57631
