label,true_label,confidence,num_components,threshold
0,0,1028.469598155229,100,75057
1,1,994.2459814899455,100,75057
2,2,594.9595780900852,100,75057
3,3,781.2243125846373,100,75057
