label,true_label,confidence,num_components,threshold
0,0,1117.7287853441144,504,14466
1,1,1471.597489218776,504,14466
2,2,667.5156253896193,504,14466
3,3,416.9990709381481,504,14466
