label,true_label,confidence,num_components,threshold
0,0,577.2159101725116,396,25784
2,1,524.9560160165303,396,25784
1,2,959.880208906251,396,25784
3,3,1115.6646574133276,396,25784
