label,true_label,confidence,num_components,threshold
0,0,997.9470538325118,315,67050
2,1,516.7651318952957,315,67050
1,2,916.4765686656065,315,67050
3,3,875.8286547506402,315,67050
