label,true_label,confidence,num_components,threshold
0,0,1706.866670223573,274,54313
2,1,718.9807345077339,274,54313
1,2,550.0051966560468,274,54313
3,3,491.13252047889574,274,54313
