label,true_label,confidence,num_components,threshold
0,0,1395.44483479854,429,73228
2,1,1274.0177929370013,429,73228
1,2,1177.9216459158213,429,73228
3,3,388.45072823657443,429,73228
