label,true_label,confidence,num_components,threshold
0,0,636.2800408748725,618,74853
2,1,643.6236086961375,618,74853
1,2,1685.1838585276428,618,74853
3,3,293.0159644333624,618,74853
