label,true_label,confidence,num_components,threshold
0,0,1001.7529261600141,378,1760
2,1,346.1879000355791,378,1760
1,2,1101.359255470499,378,1760
3,3,201.32682426191408,378,1760
