label,true_label,confidence,num_components,threshold
0,0,835.1172122137896,544,76954
2,1,230.42427328487162,544,76954
1,2,1541.0579794356483,544,76954
3,3,596.373002349594,544,76954
