label,true_label,confidence,num_components,threshold
0,0,1440.1393705317766,392,59984
2,1,354.5353072910618,392,59984
1,2,732.4897509087833,392,59984
3,3,1271.625555244927,392,59984
