label,true_label,confidence,num_components,threshold
0,0,652.1308857385759,572,80363
2,1,522.8809645574795,572,80363
1,2,955.1867443994332,572,80363
3,3,497.2936023799861,572,80363
