label,true_label,confidence,num_components,threshold
0,0,1097.2261565105844,974,2277
2,1,807.4871689044857,974,2277
1,2,908.2524569985411,974,2277
3,3,1186.5123898510278,974,2277
