label,true_label,confidence,num_components,threshold
0,0,938.498307735716,166,60278
2,1,578.460540374388,166,60278
1,2,965.159092238709,166,60278
3,3,1173.8002281751615,166,60278
