label,true_label,confidence,num_components,threshold
0,0,763.1519140842427,928,82817
2,1,823.2793944110285,928,82817
1,2,1771.6144681921412,928,82817
3,3,850.5016094934319,928,82817
