label,true_label,confidence,num_components,threshold
0,0,449.67121560945793,342,36980
2,1,654.3028931209451,342,36980
3,2,422.3904261639343,342,36980
1,3,1337.6722954261916,342,36980
