label,true_label,confidence,num_components,threshold
0,0,1083.5291414850456,350,25011
2,1,666.3789736304776,350,25011
1,2,1318.3321731106973,350,25011
3,3,615.352191676207,350,25011
