label,true_label,confidence,num_components,threshold
0,0,527.5974321461991,703,79631
2,1,852.2809434200452,703,79631
1,2,982.4320291029743,703,79631
3,3,569.2586448213661,703,79631
