label,true_label,confidence,num_components,threshold
0,0,455.5974903249703,194,97723
2,1,400.32567184508594,194,97723
1,2,1114.85271363611,194,97723
3,3,273.5368295006674,194,97723
