label,true_label,confidence,num_components,threshold
0,0,1345.9739178013388,122,75070
2,1,887.6931095007202,122,75070
1,2,1900.6278727977328,122,75070
3,3,388.7837167080919,122,75070
