label,true_label,confidence,num_components,threshold
0,0,1377.609533869488,833,3780
2,1,587.8178453934122,833,3780
1,2,999.3428888919846,833,3780
3,3,865.9758625608108,833,3780
