label,true_label,confidence,num_components,threshold
0,0,342.65926738701603,177,4184
2,1,1076.2618072603473,177,4184
1,2,624.2168945951493,177,4184
3,3,723.1547372717922,177,4184
