label,true_label,confidence,num_components,threshold
0,0,601.6220223813871,134,18100
2,1,582.3407849984175,134,18100
1,2,1381.1805349188467,134,18100
3,3,162.2516928970624,134,18100
