label,true_label,confidence,num_components,threshold
0,0,1444.744942106355,737,69432
2,1,352.6402971268047,737,69432
1,2,852.1290002801144,737,69432
3,3,570.6582059104613,737,69432
