label,true_label,confidence,num_components,threshold
0,0,777.1414312788968,559,40087
2,1,251.47716403290016,559,40087
1,2,787.5828176775016,559,40087
3,3,515.2874205140002,559,40087
