label,true_label,confidence,num_components,threshold
0,0,966.4356954297468,796,12966
2,1,285.75201465125355,796,12966
1,2,888.161017238054,796,12966
3,3,1061.80312100089,796,12966
