label,true_label,confidence,num_components,threshold
0,0,1189.4351098557793,516,76958
2,1,1097.6444379376644,516,76958
1,2,498.7449880941451,516,76958
3,3,464.44667657318314,516,76958
