label,true_label,confidence,num_components,threshold
0,0,672.3882488861844,717,5389
2,1,568.883224826097,717,5389
1,2,471.51357853642895,717,5389
3,3,558.0548534453676,717,5389
