label,true_label,confidence,num_components,threshold
0,0,1555.115762469502,938,62719
2,1,523.5759218613928,938,62719
1,2,1603.2087689963053,938,62719
3,3,290.51927421706245,938,62719
