label,true_label,confidence,num_components,threshold
0,0,1369.8067222479872,182,85322
2,1,437.2690100463477,182,85322
1,2,592.473081206747,182,85322
3,3,634.2835940297443,182,85322
