label,true_label,confidence,num_components,threshold
0,0,435.4267226559438,166,90986
2,1,196.40173518462063,166,90986
1,2,1062.3852622858526,166,90986
3,3,1073.5679931127202,166,90986
