label,true_label,confidence,num_components,threshold
0,0,877.5964085024898,819,19169
2,1,208.23376990581576,819,19169
1,2,1574.005745318063,819,19169
3,3,197.05267803888648,819,19169
