label,true_label,confidence,num_components,threshold
-1,0,1.7976931348623157e+308,437,803
2,1,464.8671163368689,437,803
1,2,674.3891939635313,437,803
3,3,666.1980904872612,437,803
