label,true_label,confidence,num_components,threshold
0,0,463.2207024363711,69,37394
2,1,745.0331137288034,69,37394
1,2,1254.2780619234784,69,37394
3,3,1060.95562491994,69,37394
