label,true_label,confidence,num_components,threshold
0,0,640.1094202191168,483,40216
2,1,304.0136871767691,483,40216
1,2,1646.881250136176,483,40216
3,3,751.3852177135425,483,40216
