label,true_label,confidence,num_components,threshold
0,0,366.5546054239698,6,38954
2,1,259.6956240721324,6,38954
1,2,1061.380832509672,6,38954
3,3,283.85380053908506,6,38954
