label,true_label,confidence,num_components,threshold
0,0,669.2535319731655,671,99505
2,1,1192.9835752407087,671,99505
1,2,1581.1674373010094,671,99505
3,3,1079.736809630307,671,99505
