label,true_label,confidence,num_components,threshold
0,0,1143.4707231742439,108,75054
2,1,243.33993330841633,108,75054
1,2,1279.5495432340842,108,75054
3,3,999.264217509936,108,75054
