label,true_label,confidence,num_components,threshold
0,0,1018.8675266605222,732,84844
2,1,312.6110684254258,732,84844
1,2,1009.2416446716159,732,84844
3,3,782.7822318012438,732,84844
