label,true_label,confidence,num_components,threshold
0,0,1117.8610486956488,519,92412
2,1,568.3243445533725,519,92412
1,2,863.4316971327535,519,92412
3,3,306.32117160844996,519,92412
