label,true_label,confidence,num_components,threshold
0,0,1747.8990672181928,362,35827
2,1,308.65890818069437,362,35827
1,2,687.7619471070798,362,35827
3,3,421.02925035386835,362,35827
