label,true_label,confidence,num_components,threshold
0,0,1013.7352211005714,272,78221
2,1,647.9352963557086,272,78221
3,2,913.5275016073322,272,78221
1,3,596.9389625876383,272,78221
