label,true_label,confidence,num_components,threshold
0,0,894.4213246456312,752,90011
2,1,283.39064297045104,752,90011
1,2,954.7685330862728,752,90011
3,3,535.8123774544932,752,90011
