label,true_label,confidence,num_components,threshold
0,0,706.9840130881438,447,5063
2,1,294.0669860141771,447,5063
1,2,1099.3135833736317,447,5063
3,3,481.69925916074993,447,5063
